mean,max
48.76448419524425,119.07239760475576
33.692745911290224,121.06255888870979
9.128945845045694,13.727386934954305
9.201749272402106,8.663260037597896
